City_ID,City,Lat,Lng,Max Temp,Humidity,Cloudiness,Wind Speed,Country,Date
0,Saint-Leu,-21.15,55.2833,78.8,57,0,3.44,RE,2021-01-09 03:19:03
1,Ushuaia,-54.8,-68.3,55.4,44,40,16.11,AR,2021-01-09 03:19:03
2,Solnechnyy,50.7214,136.6319,-12.12,80,100,2.77,RU,2021-01-09 03:19:04
3,Hilo,19.7297,-155.09,77.0,69,40,5.75,US,2021-01-09 03:17:22
4,Kanniyakumari,8.0833,77.5667,80.06,79,97,18.79,IN,2021-01-09 03:19:04
5,Tiksi,71.6872,128.8694,-14.28,89,100,12.71,RU,2021-01-09 03:19:04
6,Jamestown,42.097,-79.2353,21.99,93,20,5.75,US,2021-01-09 03:19:04
7,Butaritari,3.0707,172.7902,80.96,82,100,19.53,KI,2021-01-09 03:19:05
8,Port Lincoln,-34.7333,135.8667,78.21,46,0,7.76,AU,2021-01-09 03:19:05
9,Khatanga,71.9667,102.5,-18.06,88,100,7.74,RU,2021-01-09 03:19:05
10,Luderitz,-26.6481,15.1594,65.52,70,0,15.66,NA,2021-01-09 03:19:05
11,Bredasdorp,-34.5322,20.0403,60.8,94,22,3.44,ZA,2021-01-09 03:18:18
12,Upernavik,72.7868,-56.1549,8.06,73,100,6.44,GL,2021-01-09 03:19:06
13,Hobart,-42.8794,147.3294,81.0,52,20,19.57,AU,2021-01-09 03:18:27
14,Albany,42.6001,-73.9662,19.99,74,4,1.01,US,2021-01-09 03:17:01
15,Merauke,-8.4667,140.3333,84.94,71,100,6.55,ID,2021-01-09 03:19:07
16,Hithadhoo,-0.6,73.0833,81.63,78,44,13.06,MV,2021-01-09 03:19:07
17,Avarua,-21.2078,-159.775,84.2,65,20,9.22,CK,2021-01-09 03:18:14
18,Atuona,-9.8,-139.0333,77.88,73,10,19.48,PF,2021-01-09 03:19:07
19,Laguna,38.421,-121.4238,48.2,87,1,5.75,US,2021-01-09 03:16:58
20,Tias,28.9611,-13.645,55.4,76,0,4.61,ES,2021-01-09 03:19:08
21,Lebu,-37.6167,-73.65,54.07,81,69,14.63,CL,2021-01-09 03:19:08
22,Punta Arenas,-53.15,-70.9167,50.0,66,75,16.11,CL,2021-01-09 03:19:08
23,Seoul,37.5683,126.9778,15.8,35,40,4.61,KR,2021-01-09 03:18:18
24,Tilichiki,60.4667,166.1,-1.39,89,19,10.11,RU,2021-01-09 03:19:08
25,Rikitea,-23.1203,-134.9692,79.11,73,74,11.72,PF,2021-01-09 03:19:09
26,Bandarbeyla,9.4942,50.8122,74.35,71,73,21.25,SO,2021-01-09 03:19:09
27,Sembe,1.6481,14.5806,70.02,88,0,3.2,CG,2021-01-09 03:19:09
28,Busselton,-33.65,115.3333,97.0,27,42,4.0,AU,2021-01-09 03:19:09
29,Roscommon,53.6333,-8.1833,28.27,96,23,1.7,IE,2021-01-09 03:19:09
30,San Cristobal,7.7669,-72.225,64.62,80,92,2.66,VE,2021-01-09 03:19:10
31,Tasiilaq,65.6145,-37.6368,12.2,57,0,6.91,GL,2021-01-09 03:19:10
32,Nome,64.5011,-165.4064,-0.4,71,90,9.22,US,2021-01-09 03:19:10
33,Dikson,73.5069,80.5464,-12.69,87,0,11.86,RU,2021-01-09 03:19:10
34,Kruisfontein,-34.0033,24.7314,69.01,92,5,1.99,ZA,2021-01-09 03:19:10
35,Samoded,63.6083,40.5111,-14.06,89,63,2.44,RU,2021-01-09 03:19:11
36,Isangel,-19.55,169.2667,82.4,89,90,6.33,VU,2021-01-09 03:19:11
37,Bubaque,11.2833,-15.8333,79.2,71,0,13.13,GW,2021-01-09 03:19:11
38,Adrar,20.5022,-10.0711,67.93,44,0,8.48,MR,2021-01-09 03:19:11
39,Abu Kamal,34.4506,40.9171,46.74,48,100,0.83,SY,2021-01-09 03:19:12
40,Tual,-5.6667,132.75,83.55,77,98,7.76,ID,2021-01-09 03:19:12
41,Mar Del Plata,-38.0023,-57.5575,60.01,82,0,3.44,AR,2021-01-09 03:19:07
42,Brigantine,39.4101,-74.3646,33.01,74,1,3.44,US,2021-01-09 03:19:12
43,Monmouth,40.3001,-74.1663,33.01,64,1,12.66,US,2021-01-09 03:19:12
44,Katsuura,35.1333,140.3,45.0,22,7,1.99,JP,2021-01-09 03:19:13
45,Dunedin,-45.8742,170.5036,62.22,61,85,14.38,NZ,2021-01-09 03:19:13
46,Negombo,7.2083,79.8358,75.2,100,90,4.61,LK,2021-01-09 03:19:13
47,Qaanaaq,77.484,-69.3632,1.27,88,100,9.4,GL,2021-01-09 03:17:32
48,Lavrentiya,65.5833,-171.0,-12.84,83,0,3.74,RU,2021-01-09 03:19:14
49,Storslett,69.7678,21.0247,15.13,84,0,13.8,NO,2021-01-09 03:19:14
50,Kibuye,-2.0597,29.3482,64.94,81,86,4.5,RW,2021-01-09 03:19:14
51,Kambove,-10.8764,26.5969,61.7,99,100,1.14,CD,2021-01-09 03:19:15
52,Broome,42.2506,-75.833,19.99,86,75,11.5,US,2021-01-09 03:16:00
53,Klaksvik,62.2266,-6.589,44.6,100,90,12.66,FO,2021-01-09 03:19:15
54,Bluff,-46.6,168.3333,61.0,70,99,15.01,NZ,2021-01-09 03:19:15
55,Port Alfred,-33.5906,26.891,71.01,95,10,4.63,ZA,2021-01-09 03:19:16
56,Castro,-24.7911,-50.0119,64.06,97,99,7.63,BR,2021-01-09 03:19:16
57,Vaini,-21.2,-175.2,84.2,84,40,9.22,TO,2021-01-09 03:19:16
58,Nikolskoye,59.7035,30.7861,12.99,79,0,2.24,RU,2021-01-09 03:19:16
59,Beihai,21.4833,109.1,49.05,47,95,12.68,CN,2021-01-09 03:19:16
60,Vila Velha,-20.3297,-40.2925,79.0,83,75,8.05,BR,2021-01-09 03:16:21
61,Kaitangata,-46.2817,169.8464,62.01,60,66,15.99,NZ,2021-01-09 03:19:17
62,Port Elizabeth,-33.918,25.5701,69.8,94,90,5.75,ZA,2021-01-09 03:19:17
63,Daru,-9.0763,143.2092,86.09,71,100,4.29,PG,2021-01-09 03:19:17
64,Hermanus,-34.4187,19.2345,64.0,84,0,1.99,ZA,2021-01-09 03:19:17
65,Yellowknife,62.456,-114.3525,-2.2,78,1,5.75,CA,2021-01-09 03:19:18
66,Chokurdakh,70.6333,147.9167,-20.43,89,93,3.42,RU,2021-01-09 03:19:18
67,Hanmer Springs,-42.5167,172.8167,72.46,48,63,4.59,NZ,2021-01-09 03:19:18
68,Neiafu,-18.65,-173.9833,84.2,74,75,10.36,TO,2021-01-09 03:19:18
69,Santiago De Chuco,-8.15,-78.1833,50.36,80,90,1.23,PE,2021-01-09 03:19:18
70,Hualmay,-11.0964,-77.6139,70.41,85,96,8.41,PE,2021-01-09 03:19:19
71,Lorengau,-2.0226,147.2712,85.62,70,17,8.39,PG,2021-01-09 03:19:19
72,West Wendover,40.7391,-114.0733,32.0,69,90,3.44,US,2021-01-09 03:19:19
73,Samarai,-10.6167,150.6667,86.65,70,68,11.5,PG,2021-01-09 03:19:19
74,Half Moon Bay,37.4636,-122.4286,52.0,93,40,6.91,US,2021-01-09 03:19:19
75,Kizukuri,40.8061,140.3861,30.0,79,75,12.66,JP,2021-01-09 03:19:20
76,Kodiak,57.79,-152.4072,32.0,86,90,8.05,US,2021-01-09 03:19:20
77,Pochutla,15.7432,-96.4661,75.0,84,47,3.0,MX,2021-01-09 03:19:20
78,Vestmanna,62.1564,-7.1664,44.6,100,90,12.66,FO,2021-01-09 03:19:20
79,Tautira,-17.7333,-149.15,82.4,74,40,9.22,PF,2021-01-09 03:19:21
80,Pisco,-13.7,-76.2167,70.0,83,0,8.05,PE,2021-01-09 03:19:21
81,Bathsheba,13.2167,-59.5167,78.8,78,75,18.41,BB,2021-01-09 03:19:21
82,Chynov,49.4068,14.8112,28.0,81,83,5.19,CZ,2021-01-09 03:19:21
83,Kapaa,22.0752,-159.319,77.0,65,1,12.66,US,2021-01-09 03:16:28
84,Mataura,-46.1927,168.8643,61.0,70,83,15.01,NZ,2021-01-09 03:19:22
85,Thaba-Tseka,-29.522,28.6084,56.93,75,61,2.59,LS,2021-01-09 03:19:22
86,Ibate,-21.9547,-47.9967,73.4,100,0,1.14,BR,2021-01-09 03:19:22
87,Hokitika,-42.7167,170.9667,64.29,68,55,5.5,NZ,2021-01-09 03:19:22
88,Port Blair,11.6667,92.75,84.2,74,20,8.05,IN,2021-01-09 03:17:01
89,Codrington,-38.2667,141.9667,72.52,60,10,11.23,AU,2021-01-09 03:19:23
90,Maturin,9.75,-63.1767,69.87,96,48,3.67,VE,2021-01-09 03:14:25
91,Cape Canaveral,28.4058,-80.6048,55.99,67,40,11.5,US,2021-01-09 03:18:08
92,Saint-Augustin,51.226,-58.6502,36.81,81,99,14.29,CA,2021-01-09 03:19:23
93,Crateus,-5.1783,-40.6775,77.29,66,81,5.21,BR,2021-01-09 03:19:23
94,Reconquista,-29.15,-59.65,78.48,39,0,7.94,AR,2021-01-09 03:17:28
95,Faya,18.3851,42.4509,48.2,66,0,2.46,SA,2021-01-09 03:19:24
96,East London,-33.0153,27.9116,71.6,94,20,3.44,ZA,2021-01-09 03:16:34
97,Talnakh,69.4865,88.3972,-13.88,87,99,7.63,RU,2021-01-09 03:19:24
98,Sitka,57.0531,-135.33,37.4,93,90,6.91,US,2021-01-09 03:19:24
99,Arraial Do Cabo,-22.9661,-42.0278,76.75,90,82,2.57,BR,2021-01-09 03:19:24
100,Naze,28.3667,129.4833,53.6,58,40,16.11,JP,2021-01-09 03:19:25
101,Vanimo,-2.6741,141.3028,86.7,64,84,4.09,PG,2021-01-09 03:19:25
102,Lagoa,39.05,-27.9833,56.1,62,96,8.79,PT,2021-01-09 03:19:25
103,Snasa,64.2457,12.3778,16.59,92,82,4.18,NO,2021-01-09 03:19:25
104,Comodoro Rivadavia,-45.8667,-67.5,66.2,37,0,13.8,AR,2021-01-09 03:15:02
105,San Lawrenz,36.0553,14.204,66.2,68,20,9.22,MT,2021-01-09 03:19:26
106,Batagay-Alyta,67.8006,130.4114,-18.13,85,100,4.05,RU,2021-01-09 03:19:26
107,Nanortalik,60.1432,-45.2371,33.15,91,100,11.72,GL,2021-01-09 03:19:26
108,Damghan,36.1683,54.348,28.96,83,0,0.87,IR,2021-01-09 03:19:26
109,Bambous Virieux,-20.3428,57.7575,78.8,83,40,12.66,MU,2021-01-09 03:19:27
110,Mosquera,4.7059,-74.2302,53.6,82,75,3.44,CO,2021-01-09 03:19:27
111,Srandakan,-7.9386,110.2506,85.12,70,98,5.39,ID,2021-01-09 03:19:27
112,Surt,31.2089,16.5887,68.52,44,5,12.55,LY,2021-01-09 03:19:27
113,Mana,5.6592,-53.7767,76.53,86,99,10.27,GF,2021-01-09 03:19:27
114,Marsh Harbour,26.5412,-77.0636,72.81,69,71,20.15,BS,2021-01-09 03:19:28
115,Saskylakh,71.9167,114.0833,-10.77,89,100,10.16,RU,2021-01-09 03:19:28
116,Aliquippa,40.6367,-80.2401,28.99,74,90,9.22,US,2021-01-09 03:19:28
117,Peniche,39.3558,-9.3811,42.01,68,0,1.99,PT,2021-01-09 03:19:28
118,Campbellsville,37.3434,-85.3419,33.01,80,90,6.91,US,2021-01-09 03:19:28
119,Longyearbyen,78.2186,15.6401,23.0,68,75,16.11,SJ,2021-01-09 03:19:29
120,Opuwo,-18.0607,13.84,67.62,67,100,1.28,NA,2021-01-09 03:19:29
121,Haines Junction,60.7522,-137.5108,19.4,93,98,1.14,CA,2021-01-09 03:19:29
122,Mumford,5.2618,-0.759,78.76,87,100,10.18,GH,2021-01-09 03:19:29
123,Rocha,-34.4833,-54.3333,60.1,91,0,3.71,UY,2021-01-09 03:19:30
124,Rebrikha,53.0733,82.3408,-19.3,86,87,8.68,RU,2021-01-09 03:19:30
125,Santa Cruz De Tenerife,28.4682,-16.2546,60.01,93,75,18.41,ES,2021-01-09 03:19:30
126,Sarny,51.338,26.6019,27.5,96,96,5.99,UA,2021-01-09 03:19:30
127,Traverse City,44.7631,-85.6206,26.6,63,1,5.75,US,2021-01-09 03:19:30
128,New Norfolk,-42.7826,147.0587,80.01,20,30,5.01,AU,2021-01-09 03:19:30
129,Birjand,32.8663,59.2211,14.0,29,0,6.91,IR,2021-01-09 03:19:31
130,Vigeland,58.0844,7.305,25.0,70,37,1.99,NO,2021-01-09 03:19:31
131,Chuy,-33.6971,-53.4616,64.27,81,0,5.39,UY,2021-01-09 03:16:45
132,Jining,35.405,116.5814,30.2,60,0,6.49,CN,2021-01-09 03:16:12
133,Hunchun,42.8675,130.3581,5.0,69,17,13.13,CN,2021-01-09 03:19:31
134,Javornik,50.3908,17.0027,28.99,74,85,4.47,CZ,2021-01-09 03:19:32
135,Taldan,53.6667,124.8,-0.27,80,63,10.69,RU,2021-01-09 03:19:32
136,Komsomolskiy,40.4272,71.7189,21.2,73,75,4.61,UZ,2021-01-09 03:19:32
137,Bilma,18.6853,12.9164,68.65,23,0,10.13,NE,2021-01-09 03:19:32
138,Rio Gallegos,-51.6226,-69.2181,55.4,54,0,6.91,AR,2021-01-09 03:19:32
139,Ilo,-17.6394,-71.3375,70.45,79,45,5.64,PE,2021-01-09 03:17:02
140,Martapura,-3.4167,114.85,82.4,89,40,4.61,ID,2021-01-09 03:19:33
141,Fortuna,40.5982,-124.1573,44.6,100,1,6.91,US,2021-01-09 03:19:33
142,Wichita Falls,33.9137,-98.4934,37.4,81,1,5.28,US,2021-01-09 03:17:23
143,Mahebourg,-20.4081,57.7,78.8,83,40,12.66,MU,2021-01-09 03:19:34
144,Barrow,71.2906,-156.7887,-4.0,77,75,6.91,US,2021-01-09 03:18:18
145,Provideniya,64.3833,-173.3,-6.74,83,89,6.44,RU,2021-01-09 03:19:34
146,Mineros,-17.1167,-63.2333,77.0,83,50,8.05,BO,2021-01-09 03:19:34
147,Sola,-13.8833,167.55,87.8,74,75,2.3,VU,2021-01-09 03:19:34
148,Puerto Ayora,-0.7393,-90.3518,73.0,93,62,9.01,EC,2021-01-09 03:19:35
149,Coquimbo,-29.9533,-71.3436,59.0,82,90,4.61,CL,2021-01-09 03:19:35
150,Nouadhibou,20.931,-17.0347,64.4,88,0,10.36,MR,2021-01-09 03:19:35
151,Bengkulu,-3.8004,102.2655,80.51,81,29,12.21,ID,2021-01-09 03:19:35
152,Bantry,51.6833,-9.45,28.4,86,0,11.5,IE,2021-01-09 03:19:36
153,Likasi,-10.9814,26.7333,62.92,97,100,1.12,CD,2021-01-09 03:19:36
154,Nemuro,43.3236,145.575,19.4,58,20,11.5,JP,2021-01-09 03:19:36
155,Sechura,-5.5569,-80.8222,71.87,78,3,11.63,PE,2021-01-09 03:19:36
156,Iracoubo,5.4802,-53.2011,77.29,84,100,10.36,GF,2021-01-09 03:19:36
157,Kapit,2.0167,112.9333,84.67,80,61,1.25,MY,2021-01-09 03:19:37
158,Faanui,-16.4833,-151.75,81.25,68,9,6.53,PF,2021-01-09 03:19:37
159,Skuodas,56.2667,21.5333,30.2,93,90,6.91,LT,2021-01-09 03:19:37
160,Arenapolis,-14.4503,-56.8461,77.29,71,67,2.3,BR,2021-01-09 03:19:38
161,Sao Filipe,14.8961,-24.4956,73.76,77,81,10.56,CV,2021-01-09 03:19:38
162,Saint-Philippe,-21.3585,55.7679,78.8,57,0,3.44,RE,2021-01-09 03:17:32
163,Aklavik,68.2191,-135.0107,10.4,85,98,4.61,CA,2021-01-09 03:19:38
164,Gushikawa,26.3544,127.8686,51.8,54,90,17.27,JP,2021-01-09 03:19:38
165,Margate,51.3813,1.3862,37.99,90,73,1.99,GB,2021-01-09 03:15:09
166,Camargo,27.6667,-105.1667,58.66,29,0,8.46,MX,2021-01-09 03:19:39
167,Ribeira Grande,38.5167,-28.7,50.0,71,20,8.05,PT,2021-01-09 03:19:39
168,Kalmunai,7.4167,81.8167,78.26,85,100,6.62,LK,2021-01-09 03:19:39
169,Cosala,24.4125,-106.6908,62.01,97,0,2.24,MX,2021-01-09 03:19:39
170,Karratha,-20.7377,116.8463,97.65,32,71,5.14,AU,2021-01-09 03:19:40
171,Arinos,-15.9169,-46.1056,72.36,87,47,1.77,BR,2021-01-09 03:19:40
172,Ostrovnoy,68.0531,39.5131,12.99,95,100,3.22,RU,2021-01-09 03:19:40
173,Neyveli,11.536,79.4824,77.14,86,24,10.33,IN,2021-01-09 03:19:40
174,Iqaluit,63.7506,-68.5145,3.2,66,75,8.05,CA,2021-01-09 03:19:40
175,Georgetown,5.4112,100.3354,84.99,65,20,5.75,MY,2021-01-09 03:18:17
176,Kaka,37.3482,59.6143,32.11,80,0,7.76,TM,2021-01-09 03:19:41
177,Otane,-39.8833,176.6333,73.0,63,89,1.01,NZ,2021-01-09 03:19:41
178,Roma,43.2128,-75.4557,15.01,85,1,3.44,US,2021-01-09 03:19:41
179,Aquiraz,-3.9014,-38.3911,80.6,78,0,12.66,BR,2021-01-09 03:19:41
180,Vestmannaeyjar,63.4427,-20.2734,21.92,89,4,28.9,IS,2021-01-09 03:19:41
181,Monte Alegre,-2.0078,-54.0692,75.81,90,100,2.3,BR,2021-01-09 03:19:42
182,Hami,42.8,93.45,15.08,67,100,2.17,CN,2021-01-09 03:19:42
183,Henties Bay,-22.116,14.2845,66.99,87,100,6.89,NA,2021-01-09 03:19:42
184,Djibo,14.1022,-1.6306,73.4,18,6,7.78,BF,2021-01-09 03:19:43
185,Millinocket,45.6573,-68.7098,21.2,79,90,5.75,US,2021-01-09 03:19:43
186,Hovd,48.0056,91.6419,-8.36,81,100,0.27,MN,2021-01-09 03:19:43
187,Novobelokatay,55.7062,58.9549,16.68,95,100,2.19,RU,2021-01-09 03:19:43
188,Ghorawal,24.7667,82.7833,69.46,53,37,2.37,IN,2021-01-09 03:19:43
189,Aswan,24.0934,32.907,59.0,36,0,6.67,EG,2021-01-09 03:19:44
190,Sao Felix Do Xingu,-6.6447,-51.995,75.11,77,90,1.9,BR,2021-01-09 03:19:44
191,Pedernales,18.0384,-71.744,75.61,68,100,3.56,DO,2021-01-09 03:19:44
192,Kabo,7.6994,18.629,67.73,25,15,2.3,CF,2021-01-09 03:19:44
193,Leningradskiy,69.3833,178.4167,-20.2,79,0,3.11,RU,2021-01-09 03:19:44
194,Salalah,17.0151,54.0924,68.0,52,0,6.91,OM,2021-01-09 03:19:45
195,Kutum,14.2,24.6667,56.03,37,5,9.31,SD,2021-01-09 03:19:45
196,Kavieng,-2.5744,150.7967,84.67,71,90,10.85,PG,2021-01-09 03:19:45
197,Yumen,40.2833,97.2,12.67,63,100,24.81,CN,2021-01-09 03:19:45
198,Coolum Beach,-26.5333,153.1,72.0,91,100,4.0,AU,2021-01-09 03:19:45
199,Cabo San Lucas,22.8909,-109.9124,68.0,77,1,2.3,MX,2021-01-09 03:17:05
200,College,64.8569,-147.8028,3.2,78,75,3.44,US,2021-01-09 03:19:46
201,Saint-Raymond,45.467,-73.6095,21.2,58,7,6.91,CA,2021-01-09 03:19:46
202,Yacuiba,-22.038,-63.6797,70.81,87,82,3.04,BO,2021-01-09 03:19:46
203,Iskateley,67.6803,53.1512,-3.21,93,7,2.37,RU,2021-01-09 03:19:46
204,Jumla,29.2747,82.1838,48.43,37,26,2.35,NP,2021-01-09 03:19:47
205,Atar,20.5169,-13.0499,62.49,65,0,6.89,MR,2021-01-09 03:16:19
206,Tuktoyaktuk,69.4541,-133.0374,1.4,85,20,4.61,CA,2021-01-09 03:19:47
207,Thompson,55.7435,-97.8558,5.0,85,1,2.3,CA,2021-01-09 03:15:06
208,Krasnogorsk,55.8225,37.3181,23.0,93,90,8.95,RU,2021-01-09 03:19:48
209,Cape Town,-33.9258,18.4232,66.0,88,0,6.91,ZA,2021-01-09 03:15:27
210,Kieta,-6.2167,155.6333,86.43,56,59,3.76,PG,2021-01-09 03:19:48
211,Kabinda,-6.1333,24.4833,62.69,95,100,2.01,CD,2021-01-09 03:19:48
212,Cherskiy,68.75,161.3,-21.6,88,84,2.15,RU,2021-01-09 03:19:48
213,Lanxi,29.2195,119.477,36.66,59,0,4.25,CN,2021-01-09 03:19:48
214,Amuntai,-2.4177,115.2494,84.61,75,100,2.91,ID,2021-01-09 03:19:49
215,Chingirlau,51.095,54.0814,23.85,98,100,16.11,KZ,2021-01-09 03:19:49
216,Kasempa,-13.4584,25.8338,64.83,95,100,8.1,ZM,2021-01-09 03:19:49
217,Governador Valadares,-18.8511,-41.9494,72.68,87,100,1.07,BR,2021-01-09 03:19:49
218,Voh,-20.9667,164.7,86.22,73,73,2.91,NC,2021-01-09 03:19:49
219,Ilheus,-14.7889,-39.0494,80.6,83,40,6.91,BR,2021-01-09 03:19:10
220,Cervo,43.6702,-7.4101,30.99,94,84,1.99,ES,2021-01-09 03:19:50
221,Bethel,41.3712,-73.414,25.0,68,1,3.44,US,2021-01-09 03:18:29
222,Mabaruma,8.2,-59.7833,72.81,98,100,1.86,GY,2021-01-09 03:19:50
223,Bardiyah,31.7561,25.0865,61.99,61,0,9.64,LY,2021-01-09 03:19:51
224,Acarau,-2.8856,-40.12,79.59,80,94,16.46,BR,2021-01-09 03:19:51
225,Maraba,-5.3686,-49.1178,73.4,100,40,8.05,BR,2021-01-09 03:19:51
226,Puqi,29.7167,113.8833,39.09,53,4,2.3,CN,2021-01-09 03:19:51
227,Aranda De Duero,41.6704,-3.6892,27.37,97,100,13.38,ES,2021-01-09 03:16:44
228,Sa Kaeo,13.75,102.3333,73.94,49,0,11.56,TH,2021-01-09 03:19:51
229,Prieska,-29.6641,22.7474,77.09,56,0,7.54,ZA,2021-01-09 03:19:52
230,Kahului,20.8947,-156.47,80.6,57,20,11.5,US,2021-01-09 03:16:19
231,Rundu,-17.9333,19.7667,67.77,90,91,2.68,NA,2021-01-09 03:19:52
232,Ahipara,-35.1667,173.1667,72.73,69,3,7.2,NZ,2021-01-09 03:19:52
233,Vardo,70.3705,31.1107,22.26,95,76,18.68,NO,2021-01-09 03:19:53
234,Lompoc,34.6391,-120.4579,55.0,87,1,11.74,US,2021-01-09 03:19:53
235,Westport,41.1415,-73.3579,30.2,55,1,9.22,US,2021-01-09 03:18:11
236,Salinopolis,-0.6136,-47.3561,80.38,80,59,10.63,BR,2021-01-09 03:19:53
237,Sao Joao Da Barra,-21.6403,-41.0511,76.26,92,40,9.53,BR,2021-01-09 03:19:53
238,Calabozo,8.9242,-67.4293,76.01,85,100,4.76,VE,2021-01-09 03:19:54
239,Thunder Bay,48.4001,-89.3168,28.99,93,90,4.61,CA,2021-01-09 03:18:08
240,Hambantota,6.1241,81.1185,75.2,100,90,2.3,LK,2021-01-09 03:19:54
241,Anori,-3.7728,-61.6442,74.16,95,75,1.79,BR,2021-01-09 03:19:54
242,Severo-Kurilsk,50.6789,156.125,25.88,85,100,12.3,RU,2021-01-09 03:16:57
243,Naberera,-4.2,36.9333,61.97,96,97,3.24,TZ,2021-01-09 03:19:54
244,Ishigaki,24.3448,124.1572,51.8,66,75,11.5,JP,2021-01-09 03:18:21
245,Novaya Bryan,51.7159,108.2691,15.8,53,20,4.47,RU,2021-01-09 03:19:55
246,Yorosso,12.3536,-4.7761,73.08,20,0,4.23,ML,2021-01-09 03:19:55
247,Marzuq,14.4,46.4667,48.76,50,0,3.69,YE,2021-01-09 03:19:55
248,Arman,59.7,150.1667,-2.81,83,100,7.09,RU,2021-01-09 03:19:55
249,Ordzhonikidze,52.4411,61.7408,7.32,91,100,15.73,KZ,2021-01-09 03:19:56
250,Basco,20.4487,121.9702,65.73,79,96,30.96,PH,2021-01-09 03:19:56
251,Gubkinskiy,64.434,76.5026,-15.66,90,83,2.98,RU,2021-01-09 03:19:56
252,Eydhafushi,5.1033,73.0708,81.93,76,100,3.83,MV,2021-01-09 03:19:56
253,Pevek,69.7008,170.3133,-19.68,89,80,3.42,RU,2021-01-09 03:19:56
254,Starkville,33.4504,-88.8184,37.0,87,90,4.61,US,2021-01-09 03:19:57
255,Kununurra,-15.7667,128.7333,95.0,49,0,5.75,AU,2021-01-09 03:19:57
256,Ancud,-41.8697,-73.8203,53.6,71,90,6.91,CL,2021-01-09 03:19:57
257,Clyde River,70.4692,-68.5914,-4.0,77,90,4.61,CA,2021-01-09 03:19:57
258,Viking,53.1001,-111.7684,17.6,100,1,10.36,CA,2021-01-09 03:19:57
259,Puerto Carreno,6.189,-67.4859,74.64,91,75,7.9,CO,2021-01-09 03:19:58
260,Saint George,37.1041,-113.5841,42.01,35,1,4.61,US,2021-01-09 03:19:32
261,Lindenberg,49.3803,8.0986,34.0,95,83,2.48,DE,2021-01-09 03:19:58
262,Kaisiadorys,54.8667,24.45,25.0,93,90,2.3,LT,2021-01-09 03:19:58
263,Maracaibo,10.6317,-71.6406,80.06,76,67,8.19,VE,2021-01-09 03:15:17
264,Yining,29.0361,114.5636,40.96,48,0,1.79,CN,2021-01-09 03:19:59
265,Sur,22.5667,59.5289,64.31,45,0,16.46,OM,2021-01-09 03:19:59
266,Berdigestyakh,62.0989,126.6992,-28.14,84,100,3.11,RU,2021-01-09 03:19:59
267,Geraldton,-28.7667,114.6,89.6,43,98,13.8,AU,2021-01-09 03:19:59
268,Grindavik,63.8424,-22.4338,19.4,63,20,17.27,IS,2021-01-09 03:19:59
269,Tenango,18.65,-98.1833,55.4,54,20,4.61,MX,2021-01-09 03:20:00
270,Petropavlovsk-Kamchatskiy,53.0452,158.6483,8.6,52,0,2.24,RU,2021-01-09 03:20:00
271,Esperance,-33.8667,121.9,98.6,12,96,12.66,AU,2021-01-09 03:20:00
272,Rethimnon,35.3647,24.4714,61.0,88,75,4.61,GR,2021-01-09 03:20:00
273,Isla Mujeres,21.2311,-86.731,72.0,88,20,6.91,MX,2021-01-09 03:20:01
274,Bataipora,-22.2953,-53.2711,74.21,88,93,2.21,BR,2021-01-09 03:20:01
275,Goderich,43.7501,-81.7165,23.0,80,86,8.05,CA,2021-01-09 03:20:01
276,Loandjili,-4.7561,11.8578,76.23,89,12,4.45,CG,2021-01-09 03:20:01
277,Kapoeta,4.7717,33.5903,76.21,30,0,4.09,SS,2021-01-09 03:20:04
278,Carnarvon,-24.8667,113.6333,89.6,62,48,12.66,AU,2021-01-09 03:20:04
279,Vasterhaninge,59.1167,18.1,35.01,74,97,9.82,SE,2021-01-09 03:20:05
280,Alofi,-19.0595,-169.9187,86.0,70,29,14.97,NU,2021-01-09 03:20:05
281,Ponta Do Sol,32.6667,-17.1,48.99,77,40,3.0,PT,2021-01-09 03:20:05
282,Bilibino,68.0546,166.4372,-22.31,84,17,1.88,RU,2021-01-09 03:20:05
283,Brae,60.3964,-1.353,41.0,70,75,24.16,GB,2021-01-09 03:20:05
284,Pontianak,-0.0333,109.3333,84.2,74,40,3.44,ID,2021-01-09 03:20:06
285,Chiredzi,-21.05,31.6667,71.22,90,56,3.0,ZW,2021-01-09 03:20:06
286,Esil,51.9556,66.4042,-1.52,86,100,12.91,KZ,2021-01-09 03:20:06
287,Caucaia,-3.7361,-38.6531,81.0,78,0,12.66,BR,2021-01-09 03:20:07
288,Iquique,-20.2208,-70.1431,69.8,68,0,9.22,CL,2021-01-09 03:20:07
289,Luis Correia,-2.8792,-41.6669,79.81,80,73,13.06,BR,2021-01-09 03:20:07
290,Oranjestad,12.524,-70.027,78.8,89,20,11.5,AW,2021-01-09 03:20:07
291,Csorvas,46.6333,20.8333,28.99,100,90,4.61,HU,2021-01-09 03:20:08
292,Pavlogradka,54.2024,73.5592,-5.01,89,100,11.83,RU,2021-01-09 03:20:08
293,Talcahuano,-36.7167,-73.1167,55.4,71,40,13.8,CL,2021-01-09 03:20:08
294,Grand Gaube,-20.0064,57.6608,78.01,83,12,5.99,MU,2021-01-09 03:20:08
295,Saldanha,-33.0117,17.9442,60.8,88,0,5.75,ZA,2021-01-09 03:20:03
296,Olafsvik,64.8945,-23.7142,21.47,91,93,23.02,IS,2021-01-09 03:20:09
297,Gotsu,35.0,132.2167,28.4,86,75,17.27,JP,2021-01-09 03:20:09
298,Luganville,-15.5333,167.1667,84.7,75,100,6.49,VU,2021-01-09 03:20:09
299,Fort Nelson,58.8053,-122.7002,1.4,85,75,3.44,CA,2021-01-09 03:20:09
300,Hasaki,35.7333,140.8333,46.0,22,20,6.91,JP,2021-01-09 03:20:10
301,Neuquen,-38.9516,-68.0591,77.0,25,0,9.22,AR,2021-01-09 03:19:17
302,Mount Isa,-20.7333,139.5,95.0,26,0,6.91,AU,2021-01-09 03:20:10
303,Ararangua,-28.9347,-49.4858,68.09,83,0,2.82,BR,2021-01-09 03:20:10
304,Yuanping,38.7153,112.7575,13.42,69,0,3.51,CN,2021-01-09 03:20:10
305,Salta,-24.7859,-65.4117,68.0,88,20,3.44,AR,2021-01-09 03:20:10
306,Norman Wells,65.282,-126.8329,5.0,85,20,8.05,CA,2021-01-09 03:20:11
307,Lewiston,44.1003,-70.2148,23.0,63,75,5.75,US,2021-01-09 03:15:31
308,Teshie,5.5836,-0.1072,78.8,94,0,8.05,GH,2021-01-09 03:20:11
309,Orlik,52.5178,99.825,-12.91,79,96,1.39,RU,2021-01-09 03:20:11
310,Morgan City,29.6994,-91.2068,42.8,75,1,6.91,US,2021-01-09 03:20:11
311,Kudahuvadhoo,2.6708,72.8944,81.9,78,21,6.22,MV,2021-01-09 03:20:12
312,Liverpool,53.4106,-2.9779,34.0,100,90,2.3,GB,2021-01-09 03:19:44
313,Ube,33.9431,131.2511,34.0,80,75,9.22,JP,2021-01-09 03:20:12
314,Igarka,67.4667,86.5833,-11.6,89,100,8.97,RU,2021-01-09 03:20:12
315,Cocorit,27.5833,-109.9667,58.95,38,0,4.16,MX,2021-01-09 03:20:12
316,Road Town,18.4167,-64.6167,78.01,85,85,1.99,VG,2021-01-09 03:20:13
317,Aktau,43.65,51.2,30.2,64,40,20.13,KZ,2021-01-09 03:20:13
318,Riyadh,24.6877,46.7219,50.0,87,0,4.61,SA,2021-01-09 03:18:20
319,Sandwick,60.0,-1.25,41.0,70,75,24.16,GB,2021-01-09 03:20:13
320,Kedrovyy,56.1667,91.8167,-16.6,83,88,3.94,RU,2021-01-09 03:20:14
321,Challapata,-18.9,-66.7667,51.06,65,93,6.98,BO,2021-01-09 03:20:14
322,Bay-Khaak,51.1667,94.5,-20.18,80,95,1.43,RU,2021-01-09 03:20:14
323,San Javier,37.8063,-0.8374,50.0,100,90,12.66,ES,2021-01-09 03:20:14
324,Lerwick,60.1545,-1.1494,41.0,70,75,24.16,GB,2021-01-09 03:20:14
325,Valparaiso,-33.0393,-71.6273,59.0,88,90,5.75,CL,2021-01-09 03:18:06
326,Shelburne,44.0787,-80.2041,21.0,81,100,7.85,CA,2021-01-09 03:20:15
327,Muroto,33.2833,134.15,39.2,24,20,14.97,JP,2021-01-09 03:20:15
328,Ngaoundere,7.3167,13.5833,65.23,26,100,3.36,CM,2021-01-09 03:20:15
329,Greenwood,34.1668,-82.1165,36.0,100,90,3.44,US,2021-01-09 03:15:24
330,Conakry,9.538,-13.6773,79.5,79,0,8.19,GN,2021-01-09 03:19:24
331,Kurumkan,54.3,110.3,-3.42,83,35,2.55,RU,2021-01-09 03:20:16
332,Aksha,50.2814,113.2867,7.74,80,16,16.33,RU,2021-01-09 03:20:16
333,Abbeville,50.1,1.8333,34.0,100,90,3.44,FR,2021-01-09 03:20:16
334,North Platte,41.1239,-100.7654,35.6,80,90,3.44,US,2021-01-09 03:17:53
335,Nhulunbuy,-12.2333,136.7667,89.6,66,75,9.22,AU,2021-01-09 03:20:17
336,Husavik,66.0449,-17.3389,15.8,86,90,16.11,IS,2021-01-09 03:20:17
337,Khuzhir,53.1939,107.3397,7.81,86,0,9.1,RU,2021-01-09 03:20:17
338,Fairbanks,64.8378,-147.7164,3.2,85,20,0.78,US,2021-01-09 03:20:17
339,Rovira,4.2392,-75.24,69.66,82,100,3.42,CO,2021-01-09 03:20:17
340,Saint-Raphael,19.4333,-72.2,67.93,83,100,1.14,HT,2021-01-09 03:20:18
341,Vila Franca Do Campo,37.7167,-25.4333,51.8,71,40,5.75,PT,2021-01-09 03:20:18
342,Okhotsk,59.3833,143.3,-12.17,85,99,12.26,RU,2021-01-09 03:20:18
343,Nedjo,9.5046,35.5019,56.08,64,30,3.56,ET,2021-01-09 03:20:18
344,Prince Rupert,54.3161,-130.3201,44.6,87,20,10.36,CA,2021-01-09 03:20:18
345,Pizarro,4.9533,-77.366,75.83,91,100,6.49,CO,2021-01-09 03:20:19
346,Hofn,64.2539,-15.2082,17.85,87,4,24.58,IS,2021-01-09 03:20:19
347,Davila,18.4726,120.5763,75.2,69,20,21.85,PH,2021-01-09 03:20:19
348,Chivolo,10.025,-74.6228,76.68,81,97,4.38,CO,2021-01-09 03:20:19
349,Sinop,41.7711,34.8709,49.35,60,100,14.63,TR,2021-01-09 03:20:19
350,Baruun-Urt,46.6806,113.2792,0.73,88,22,10.13,MN,2021-01-09 03:20:20
351,Shuangcheng,45.35,126.2833,-5.8,65,10,4.47,CN,2021-01-09 03:20:20
352,Scottsbluff,41.8666,-103.6672,30.2,86,90,2.19,US,2021-01-09 03:18:08
353,Tarakan,3.3,117.6333,77.0,94,75,3.44,ID,2021-01-09 03:20:20
354,Puerto Madryn,-42.7692,-65.0385,65.59,44,0,16.35,AR,2021-01-09 03:20:20
355,Mago,53.2514,140.1822,-15.12,86,100,3.56,RU,2021-01-09 03:20:21
356,Zhigansk,66.7697,123.3711,-32.62,83,100,5.66,RU,2021-01-09 03:20:21
357,Ilulissat,69.2167,-51.1,6.8,56,100,26.46,GL,2021-01-09 03:20:21
358,Kirakira,-10.4544,161.9205,83.77,74,74,5.14,SB,2021-01-09 03:20:21
359,Along,28.1667,94.7667,64.06,50,46,0.49,IN,2021-01-09 03:20:21
360,Dingzhou,38.5131,114.9956,32.0,21,0,13.42,CN,2021-01-09 03:20:21
361,Prado,-17.3411,-39.2208,77.11,84,0,10.29,BR,2021-01-09 03:15:27
362,Beloha,-25.1667,45.05,73.9,92,7,5.97,MG,2021-01-09 03:20:22
363,Kavaratti,10.5669,72.642,81.93,76,100,8.23,IN,2021-01-09 03:20:22
364,Sunland Park,31.7965,-106.58,53.01,18,1,6.91,US,2021-01-09 03:20:22
365,Luangwa,-15.6167,30.4167,72.81,92,100,1.3,ZM,2021-01-09 03:20:22
366,Tilaran,10.4703,-84.9671,78.8,69,0,9.22,CR,2021-01-09 03:20:23
367,Kabelvag,68.2114,14.4817,23.0,66,46,1.99,NO,2021-01-09 03:20:23
368,Hit,33.6416,42.8251,47.01,48,25,3.4,IQ,2021-01-09 03:20:23
369,Necochea,-38.5473,-58.7368,52.0,90,26,8.61,AR,2021-01-09 03:20:23
370,Te Anau,-45.4167,167.7167,67.21,46,35,7.76,NZ,2021-01-09 03:18:19
371,Lagos,6.5833,3.75,78.8,36,20,2.3,NG,2021-01-09 03:17:55
372,Tsiroanomandidy,-18.7667,46.0333,69.4,93,97,2.01,MG,2021-01-09 03:20:24
373,Kemijarvi,66.7131,27.4306,9.36,95,99,2.68,FI,2021-01-09 03:20:24
374,Disna,55.568,28.1971,24.21,98,100,8.08,BY,2021-01-09 03:20:25
375,Tucuman,-26.8241,-65.2226,78.8,69,20,9.22,AR,2021-01-09 03:20:08
376,Alyangula,-13.8483,136.4192,89.6,66,40,6.91,AU,2021-01-09 03:20:25
377,Awjilah,29.1081,21.2869,57.85,49,85,5.14,LY,2021-01-09 03:20:26
378,Teonthar,24.9833,81.65,68.77,55,99,2.51,IN,2021-01-09 03:18:19
379,Nantucket,41.2835,-70.0995,33.01,80,1,12.77,US,2021-01-09 03:17:01
380,Srednekolymsk,67.45,153.6833,-26.68,84,93,2.15,RU,2021-01-09 03:19:20
381,Cayenne,4.9333,-52.3333,73.4,100,20,1.14,GF,2021-01-09 03:20:27
382,Elk City,35.412,-99.4043,33.8,93,1,3.47,US,2021-01-09 03:20:27
383,Chirongui,-12.9319,45.1483,80.6,83,0,5.75,YT,2021-01-09 03:20:27
384,Rio Grande,-32.035,-52.0986,71.55,86,0,13.76,BR,2021-01-09 03:20:27
385,Bemidji,47.4736,-94.8803,26.01,100,90,0.94,US,2021-01-09 03:20:28
386,Biak,-0.9131,122.8766,84.65,64,71,1.25,ID,2021-01-09 03:20:28
387,Shingu,33.7333,135.9833,35.6,44,40,19.57,JP,2021-01-09 03:18:19
388,Mbanza-Ngungu,-5.25,14.8667,67.03,100,87,3.53,CD,2021-01-09 03:20:28
389,State College,40.7934,-77.86,26.01,80,1,3.44,US,2021-01-09 03:17:35
390,Nishihara,26.1842,127.7558,53.6,43,90,16.11,JP,2021-01-09 03:20:29
391,Lata,40.1629,-8.3327,39.0,64,0,9.22,PT,2021-01-09 03:20:29
392,Airai,-8.9266,125.4092,73.89,83,100,1.25,TL,2021-01-09 03:20:29
393,Taltal,-25.4,-70.4833,64.67,75,2,4.41,CL,2021-01-09 03:20:29
394,Konstantinovskaya,44.0456,43.1583,28.4,100,90,3.44,RU,2021-01-09 03:20:29
395,Esfarayen,37.0765,57.5101,19.4,73,0,3.65,IR,2021-01-09 03:20:30
396,Playas,-2.6333,-80.3833,75.52,79,99,9.24,EC,2021-01-09 03:20:30
397,La Rioja,42.25,-2.5,32.0,86,90,5.75,ES,2021-01-09 03:20:30
398,Vangaindrano,-23.35,47.6,72.64,89,18,2.8,MG,2021-01-09 03:20:30
399,Zima,53.9202,102.0442,-7.44,85,5,0.89,RU,2021-01-09 03:20:31
400,Zvenyhorodka,49.0787,30.9675,31.08,95,100,3.47,UA,2021-01-09 03:20:31
401,Khorinsk,52.1657,109.7726,2.21,87,44,4.63,RU,2021-01-09 03:20:31
402,Kensington,-33.9167,151.2167,75.2,50,0,12.66,AU,2021-01-09 03:20:31
403,Krasnovishersk,60.4078,57.082,8.13,95,92,2.37,RU,2021-01-09 03:20:31
404,Quatre Cocos,-20.2078,57.7625,78.8,83,40,12.66,MU,2021-01-09 03:20:32
405,Deputatskiy,69.3,139.9,-20.47,89,95,2.26,RU,2021-01-09 03:20:32
406,Rapid Valley,44.0625,-103.1463,28.99,93,90,3.44,US,2021-01-09 03:20:32
407,Charters Towers,-20.1,146.2667,82.11,73,100,14.43,AU,2021-01-09 03:20:32
408,San Juan Bautista,-14.0108,-75.7358,70.0,83,0,8.05,PE,2021-01-09 03:20:33
409,Caravelas,-17.7125,-39.2481,77.2,82,0,8.86,BR,2021-01-09 03:20:33
410,Srikakulam,18.3,83.9,73.78,54,2,6.2,IN,2021-01-09 03:20:33
411,Kholm-Zhirkovskiy,55.5189,33.4731,15.85,97,89,9.28,RU,2021-01-09 03:20:33
412,Okha,53.5739,142.9478,-15.66,86,50,10.11,RU,2021-01-09 03:20:33
413,Shumyachi,53.8583,32.4242,29.95,99,100,5.37,RU,2021-01-09 03:20:34
414,Kodinar,20.7903,70.7031,67.89,45,0,10.96,IN,2021-01-09 03:20:34
415,Itarema,-2.9248,-39.9167,79.92,79,92,16.22,BR,2021-01-09 03:20:34
416,Kiunga,-6.1219,141.2906,90.16,53,100,3.13,PG,2021-01-09 03:20:34
417,Portland,45.5234,-122.6762,44.01,87,20,1.39,US,2021-01-09 03:17:31
418,Bandar-E Lengeh,26.5579,54.8807,51.8,24,10,6.91,IR,2021-01-09 03:20:35
419,Wanning,18.8003,110.3967,57.72,74,100,13.6,CN,2021-01-09 03:20:35
420,High Level,58.5169,-117.136,6.8,92,1,5.64,CA,2021-01-09 03:20:36
421,Ammon,43.4696,-111.9666,24.01,93,1,5.75,US,2021-01-09 03:20:36
422,Oussouye,12.485,-16.5469,73.4,83,0,9.22,SN,2021-01-09 03:20:36
423,Cotonou,6.3654,2.4183,78.8,94,40,5.75,BJ,2021-01-09 03:20:36
424,Victoria,22.2855,114.1577,52.0,31,17,1.99,HK,2021-01-09 03:16:57
425,Novaya Lyada,52.7131,41.6387,30.79,99,100,8.23,RU,2021-01-09 03:20:37
426,San Pedro,14.35,121.0167,84.0,61,75,2.3,PH,2021-01-09 03:20:37
427,Tobermory,45.2501,-81.6665,32.0,64,100,12.66,CA,2021-01-09 03:20:37
428,Sakaiminato,35.55,133.2333,32.0,69,75,20.71,JP,2021-01-09 03:20:38
429,Guerrero Negro,27.9769,-114.0611,60.06,68,0,8.25,MX,2021-01-09 03:20:38
430,Nipawin,53.3668,-104.0009,12.2,85,1,3.44,CA,2021-01-09 03:20:38
431,Vostochnyy,55.8167,37.8667,23.0,93,90,8.95,RU,2021-01-09 03:20:38
432,Kungurtug,50.5994,97.5228,-9.98,82,100,0.38,RU,2021-01-09 03:20:38
433,Tuatapere,-46.1333,167.6833,61.0,71,94,15.99,NZ,2021-01-09 03:20:39
434,Nortelandia,-14.4547,-56.8028,76.77,72,12,1.77,BR,2021-01-09 03:20:39
435,Taboga,46.2663,13.1092,33.01,65,1,4.0,IT,2021-01-09 03:20:39
436,Ormara,25.2088,64.6357,58.39,36,0,14.94,PK,2021-01-09 03:20:39
437,Majene,-3.5403,118.9707,85.55,62,100,3.18,ID,2021-01-09 03:20:39
438,Amberley,39.2048,-84.428,32.0,69,90,10.36,US,2021-01-09 03:20:40
439,Yurimaguas,-5.9,-76.0833,72.16,96,100,2.08,PE,2021-01-09 03:20:40
440,Banyo,6.75,11.8167,63.1,29,81,3.38,CM,2021-01-09 03:20:40
441,Chunoyar,57.4467,97.3217,-11.87,85,100,3.65,RU,2021-01-09 03:20:40
442,Waipawa,-41.4122,175.5153,66.99,68,90,8.05,NZ,2021-01-09 03:20:41
443,Belmonte,-15.8631,-38.8828,77.0,83,40,6.91,BR,2021-01-09 03:20:41
444,Novonikolayevskiy,50.9738,42.3649,34.0,91,100,6.42,RU,2021-01-09 03:20:41
445,Urubicha,-15.3833,-62.95,74.71,73,24,1.86,BO,2021-01-09 03:20:41
446,Porto Uniao,-26.2381,-51.0783,64.17,96,88,1.97,BR,2021-01-09 03:20:41
447,Viedma,-40.8135,-62.9967,64.99,55,0,1.99,AR,2021-01-09 03:20:42
448,Avera,33.194,-82.5271,41.0,90,90,7.99,US,2021-01-09 03:20:42
449,Lasa,46.6166,10.7002,21.0,72,0,6.91,IT,2021-01-09 03:20:42
450,Dapaong,10.8639,0.205,70.59,20,56,3.44,TG,2021-01-09 03:20:42
451,Rock Sound,24.9,-76.2,74.97,78,22,19.06,BS,2021-01-09 03:20:42
452,Havoysund,70.9963,24.6622,21.2,58,0,5.75,NO,2021-01-09 03:20:43
453,Vredendal,-31.6683,18.5012,59.34,94,37,2.71,ZA,2021-01-09 03:20:43
454,Abaza,52.655,90.0928,-1.57,82,11,4.34,RU,2021-01-09 03:20:43
455,Hemnesberget,66.2333,13.6333,9.0,82,34,1.99,NO,2021-01-09 03:20:43
456,Santa Eulalia,-11.85,-76.6833,69.8,83,0,12.66,PE,2021-01-09 03:20:43
457,Roura,4.7263,-52.3274,73.4,100,20,1.14,GF,2021-01-09 03:20:44
458,Bambanglipuro,-7.95,110.2833,84.9,70,97,5.41,ID,2021-01-09 03:20:44
459,Wichita,37.6922,-97.3375,28.4,86,20,4.79,US,2021-01-09 03:18:11
460,Aviles,43.5547,-5.9248,37.0,80,40,3.44,ES,2021-01-09 03:20:44
461,Dali,25.7,100.1833,54.21,42,77,3.85,CN,2021-01-09 03:20:45
462,Senanga,-16.1167,23.2667,67.68,94,100,4.41,ZM,2021-01-09 03:20:45
463,Winslow,35.0242,-110.6974,33.8,29,1,5.75,US,2021-01-09 03:20:45
464,Waingapu,-9.6567,120.2641,82.63,73,100,2.84,ID,2021-01-09 03:20:45
465,Lubao,14.9167,120.55,84.2,51,75,11.5,PH,2021-01-09 03:20:46
466,Temnikov,54.6302,43.2148,30.81,99,98,4.65,RU,2021-01-09 03:20:46
467,Shache,38.4167,77.2406,13.46,92,0,1.86,CN,2021-01-09 03:20:46
468,Manadhoo,5.7667,73.3833,82.27,77,100,7.78,MV,2021-01-09 03:20:46
469,Aasiaat,68.7098,-52.8699,5.63,82,100,26.84,GL,2021-01-09 03:20:46
470,Niksar,40.5917,36.9517,48.2,52,94,9.01,TR,2021-01-09 03:20:47
471,Garden City,42.3256,-83.331,30.2,74,90,10.36,US,2021-01-09 03:20:47
472,La Rochelle,46.1667,-1.15,30.2,93,90,17.27,FR,2021-01-09 03:20:47
473,Arlit,18.7369,7.3853,69.4,23,0,3.67,NE,2021-01-09 03:20:47
474,Baykit,61.67,96.37,-12.51,79,100,0.96,RU,2021-01-09 03:20:47
475,Pueblo Nuevo,23.3833,-105.3833,47.86,69,0,4.23,MX,2021-01-09 03:20:47
476,Owando,-0.4819,15.8999,69.51,86,84,2.01,CG,2021-01-09 03:20:48
477,Rayachoti,14.05,78.75,77.0,88,20,4.94,IN,2021-01-09 03:19:17
478,Jinchang,38.4953,102.1739,11.26,59,100,5.26,CN,2021-01-09 03:20:48
479,Namibe,-15.1961,12.1522,71.24,75,100,5.97,AO,2021-01-09 03:20:48
480,Yayva,59.3303,57.2641,8.98,95,83,3.33,RU,2021-01-09 03:20:49
481,Babati,-4.2167,35.75,60.4,91,99,1.41,TZ,2021-01-09 03:20:49
482,Plouzane,48.3833,-4.6167,33.8,93,0,6.91,FR,2021-01-09 03:20:49
483,Hanyang,32.1371,105.5126,28.0,52,5,2.42,CN,2021-01-09 03:20:49
484,Chulman,56.8479,124.9104,-6.27,88,100,11.97,RU,2021-01-09 03:20:49
485,Richards Bay,-28.783,32.0377,75.2,78,100,4.0,ZA,2021-01-09 03:18:44
486,Mattawa,46.7379,-119.9028,39.99,87,75,4.61,US,2021-01-09 03:20:50
487,Madang,-5.2246,145.7966,85.57,63,100,3.58,PG,2021-01-09 03:20:50
488,Aliwal North,-30.6937,26.7114,66.51,62,1,3.47,ZA,2021-01-09 03:20:50
489,Zhigalovo,54.8097,105.1578,-11.42,85,3,1.43,RU,2021-01-09 03:20:51
490,Raposos,-19.9672,-43.8042,75.2,73,0,4.61,BR,2021-01-09 03:20:51
491,Gisborne,-38.6533,178.0042,68.0,71,44,3.0,NZ,2021-01-09 03:17:30
492,Puerto Suarez,-18.95,-57.8,79.45,65,0,3.65,BO,2021-01-09 03:20:51
493,Santa Fe,-31.6333,-60.7,81.0,36,64,5.99,AR,2021-01-09 03:20:09
494,Le Havre,49.4938,0.1077,30.2,93,0,4.61,FR,2021-01-09 03:20:52
495,Kristiinankaupunki,62.2743,21.376,18.86,96,67,4.63,FI,2021-01-09 03:20:52
496,Bururi,-3.85,29.6333,57.96,100,100,2.82,BI,2021-01-09 03:20:52
497,Guipavas,48.4352,-4.3972,33.8,93,0,6.91,FR,2021-01-09 03:20:52
498,Zalantun,48.0,122.7167,-2.29,79,0,9.42,CN,2021-01-09 03:20:53
499,Waw,7.7029,27.9953,69.21,28,0,5.75,SS,2021-01-09 03:20:53
500,Usinsk,65.9939,57.5281,-5.89,92,82,4.61,RU,2021-01-09 03:20:53
501,Valle De Allende,26.9333,-105.4,53.08,38,0,7.63,MX,2021-01-09 03:20:53
502,Gobabis,-22.45,18.9667,70.34,76,96,7.23,NA,2021-01-09 03:20:53
503,Coihaique,-45.5752,-72.0662,51.8,71,81,4.61,CL,2021-01-09 03:20:54
504,Kholodnyy,62.7167,147.95,-30.59,81,82,0.98,RU,2021-01-09 03:20:54
505,Cruzeiro Do Sul,-29.5128,-51.9853,69.42,50,0,4.45,BR,2021-01-09 03:20:54
506,Guabito,9.5,-82.6167,73.81,85,90,3.29,PA,2021-01-09 03:20:54
507,San Vicente,-26.6167,-54.1333,70.57,64,82,2.8,AR,2021-01-09 03:20:54
508,La Ronge,55.1001,-105.2842,10.4,85,0,2.3,CA,2021-01-09 03:20:55
509,Mindelo,16.8901,-24.9804,71.6,73,20,26.46,CV,2021-01-09 03:20:55
510,Dauphin,51.1494,-100.0502,25.75,88,100,7.61,CA,2021-01-09 03:20:55
511,Ponta Delgada,37.7333,-25.6667,51.8,71,40,5.75,PT,2021-01-09 03:20:55
512,Atbasar,51.8,68.3333,-4.2,86,100,8.52,KZ,2021-01-09 03:20:56
513,Valreas,44.3837,4.9908,35.01,80,0,17.27,FR,2021-01-09 03:20:56
514,Teacapan,22.55,-105.75,67.64,87,0,3.49,MX,2021-01-09 03:20:56
515,Krasnoselkup,65.7,82.4667,-11.52,90,93,4.76,RU,2021-01-09 03:20:57
516,Taber,49.8167,-112.1518,30.2,93,0,10.36,CA,2021-01-09 03:17:08
517,Esna,25.2934,32.554,53.6,54,0,3.44,EG,2021-01-09 03:20:19
518,Plettenberg Bay,-34.0527,23.3716,67.12,90,24,2.98,ZA,2021-01-09 03:20:57
519,Madarounfa,13.3087,7.156,70.16,23,1,9.28,NE,2021-01-09 03:20:57
520,Chumikan,54.7183,135.315,-11.99,83,100,20.6,RU,2021-01-09 03:20:57
521,Walvis Bay,-22.9575,14.5053,66.99,82,100,5.75,NA,2021-01-09 03:16:23
522,Nacala,-14.5428,40.6728,77.41,91,77,5.7,MZ,2021-01-09 03:20:58
523,Chapais,49.7834,-74.8492,10.4,85,90,5.75,CA,2021-01-09 03:20:58
524,Antsohihy,-14.8796,47.9875,75.7,88,0,1.83,MG,2021-01-09 03:20:58
525,Polunochnoye,60.8697,60.4153,-10.07,91,95,0.83,RU,2021-01-09 03:20:58
526,Ambilobe,-13.2,49.05,73.36,90,0,2.06,MG,2021-01-09 03:20:59
527,Xiamen,24.4798,118.0819,48.2,29,0,15.66,CN,2021-01-09 03:20:59
528,Kaman,27.65,77.2667,58.98,74,20,6.2,IN,2021-01-09 03:17:54
529,Las Juntas,19.4167,-104.7,66.16,93,17,2.08,MX,2021-01-09 03:20:59
530,Gornopravdinsk,60.05,69.9,0.93,93,100,2.24,RU,2021-01-09 03:20:59
531,Narsaq,60.9167,-46.05,42.8,39,90,21.85,GL,2021-01-09 03:21:00
532,Victor Harbor,-35.5667,138.6167,96.01,23,0,3.0,AU,2021-01-09 03:21:00
533,Pantai Remis,4.4557,100.6288,84.2,84,40,2.3,MY,2021-01-09 03:21:00
534,Hukuntsi,-24.0,21.75,74.01,62,100,6.64,BW,2021-01-09 03:21:00
535,Puerto Leguizamo,-0.1934,-74.7819,71.46,97,91,1.45,CO,2021-01-09 03:21:01
536,Vagur,61.4732,-6.8119,45.07,90,100,38.97,FO,2021-01-09 03:21:01
537,Bay Roberts,47.5999,-53.2648,35.01,1,100,16.11,CA,2021-01-09 03:21:01
538,Wiwili,13.6268,-85.8254,67.8,74,76,4.12,NI,2021-01-09 03:21:01
539,Fukue,32.6881,128.8419,33.8,93,75,9.22,JP,2021-01-09 03:21:02
540,Tomatlan,19.9333,-105.25,66.81,88,5,1.23,MX,2021-01-09 03:21:02
541,Adeje,28.1227,-16.726,59.0,72,20,3.44,ES,2021-01-09 03:21:03
542,Goya,-29.14,-59.2626,77.09,40,0,7.67,AR,2021-01-09 03:20:48
543,Nizwa,22.9333,57.5333,48.0,46,0,7.43,OM,2021-01-09 03:21:04
544,Maki,37.75,138.8833,33.8,75,75,19.57,JP,2021-01-09 03:17:03
545,Leesburg,39.1157,-77.5636,34.0,75,1,5.75,US,2021-01-09 03:20:37
546,Farmington,36.7281,-108.2187,24.8,46,1,4.61,US,2021-01-09 03:21:04
547,Santa Cruz,-17.8,-63.1667,77.0,83,58,8.05,BO,2021-01-09 03:21:05
548,Kuhdasht,33.535,47.6061,35.89,66,0,2.44,IR,2021-01-09 03:21:05
549,Sabang,5.8933,95.3214,81.79,78,95,20.51,ID,2021-01-09 03:21:05
550,Kupang,-10.1667,123.5833,87.8,74,40,8.05,ID,2021-01-09 03:21:06
551,Dobryanka,58.4619,56.4165,17.6,86,75,8.95,RU,2021-01-09 03:21:06
552,Kushiro,42.975,144.3747,23.0,46,20,9.22,JP,2021-01-09 03:21:06
553,Sibolga,1.7427,98.7792,81.27,78,100,2.1,ID,2021-01-09 03:17:14
554,Agua Branca,-5.8922,-42.6361,71.76,91,94,3.6,BR,2021-01-09 03:21:07
555,Ketchikan,55.3422,-131.6461,41.0,93,90,13.8,US,2021-01-09 03:21:07
556,Syamzha,60.0158,41.0614,-4.4,92,100,4.85,RU,2021-01-09 03:21:07
557,Great Yarmouth,52.6083,1.7305,32.0,100,0,6.62,GB,2021-01-09 03:21:07
558,Luau,-10.7073,22.2247,60.64,99,100,1.72,AO,2021-01-09 03:21:08
559,Shymkent,42.3,69.6,10.4,72,0,6.71,KZ,2021-01-09 03:21:08
560,Muncar,-8.4333,114.3333,86.31,67,82,7.56,ID,2021-01-09 03:21:08
561,Omboue,-1.5746,9.2618,75.51,92,9,3.65,GA,2021-01-09 03:21:08
562,Hatta,24.1167,79.6,65.39,84,100,3.4,IN,2021-01-09 03:21:09
563,Hay River,60.8156,-115.7999,19.4,79,0,11.5,CA,2021-01-09 03:21:09
564,Tazovskiy,67.4667,78.7,-8.36,91,99,5.01,RU,2021-01-09 03:21:09
565,Drexel Heights,32.1412,-111.0284,57.99,18,1,5.75,US,2021-01-09 03:21:09
566,Neftcala,39.3742,49.2472,43.79,91,98,4.97,AZ,2021-01-09 03:21:09
567,Erzin,36.9559,36.2,48.2,87,0,2.3,TR,2021-01-09 03:17:15
568,Karagaylinskiy,54.172,86.5521,-16.04,85,24,8.52,RU,2021-01-09 03:21:10
569,Bud,39.447,-86.1758,28.0,84,96,7.9,US,2021-01-09 03:21:10
570,Puerto Escondido,15.85,-97.0667,75.2,83,40,4.61,MX,2021-01-09 03:21:11
571,Princeton,25.5384,-80.4089,64.0,63,75,5.75,US,2021-01-09 03:16:32
